image,description,caption
comments.png,Page showing the just the comments feature and the rating feature for each uploaded solved past paper. Image also shows the rating of the user who's uploaded the paper,Discuss and learn together! Share your thoughts and insights on solved papers on structuralpapers.com. #IStructE #exam #community #collaboration #learning #civilengineering #structuralengineering
homepage.png,The homepage describing what structuralpapers.com is and states that the IStructE exam is notoriously difficult and to use the community and the repository of exam papers to help you,Your one-stop resource for IStructE exam preparation! Find everything you need to succeed on structuralpapers.com. #IStructE #exam #preparation #resources #community #civilengineering #structuralengineering
paper_1.png,Shows an example solved paper with diagrams for a structural scheme,Unlock the secrets to success with detailed solved IStructE exam papers. Explore structuralpapers.com today! #IStructE #exam #solvedpapers #practice #learning #civilengineering #structuralengineering
paper_2.png,Shows an example solved paper with diagrams for a structural scheme,Master different problem types with our diverse collection of solved IStructE exam papers. Explore structuralpapers.com today! #IStructE #exam #solvedpapers #practice #preparation #civilengineering #structuralengineering
paper_and_comments.png,Shows the solved IStructE past paper viewing feature and the comments feature,Learn from others and share your knowledge! Engage in discussions and contribute to the community on structuralpapers.com. #IStructE #exam #community #collaboration #learning #civilengineering #structuralengineering
paper_phone.png,Shows the solved IStructE past paper viewing feature on mobile screens,Study on the go! Access our comprehensive database of solved IStructE exam papers conveniently from your mobile device with structuralpapers.com. #IStructE #exam #mobile #accessibility #studyonline #civilengineering #structuralengineering
paper_paper_2.png,Shows an example solved paper with diagrams for a structural scheme on mobile screens,Conquer the IStructE exam from anywhere! Explore solved papers with clear diagrams on your mobile device with structuralpapers.com. #IStructE #exam #mobile #solvedpapers #diagrams #civilengineering #structuralengineering
years.png,Shows multiple years that we have past papers for,Practice with past papers from multiple years and gain a comprehensive understanding of the IStructE exam. Explore structuralpapers.com today! #IStructE #exam #pastpapers #practice #preparation #civilengineering #structuralengineering
comments.png,Page showing the just the comments feature and the rating feature for each uploaded solved past paper. Image also shows the rating of the user who's uploaded the paper,Join the conversation! Share your thoughts and insights on solved papers on structuralpapers.com. #IStructE #exam #community #collaboration #learning #civilengineering #structuralengineering
homepage.png,The homepage describing what structuralpapers.com is and states that the IStructE exam is notoriously difficult and to use the community and the repository of exam papers to help you,Your all-in-one solution for IStructE exam preparation! Find everything you need to succeed on structuralpapers.com. #IStructE #exam #preparation #resources #community #civilengineering #structuralengineering
paper_1.png,Shows an example solved paper with diagrams for a structural scheme,Enhance your understanding with detailed solved IStructE exam papers. Explore structuralpapers.com today! #IStructE #exam #solvedpapers #practice #learning #civilengineering #structuralengineering
paper_2.png,Shows an example solved paper with diagrams for a structural scheme,Master a variety of problem types with our diverse collection of solved IStructE exam papers. Explore structuralpapers.com today! #IStructE #exam #solvedpapers #practice #preparation #civilengineering #structuralengineering
paper_and_comments.png,Shows the solved IStructE past paper viewing feature and the comments feature,Learn from others and contribute to the community! Share your knowledge and insights on solved papers on structuralpapers.com. #IStructE #exam #community #collaboration #learning #civilengineering #structuralengineering
paper_phone.png,Shows the solved IStructE past paper viewing feature on mobile screens,Study on the go! Access our comprehensive database of solved IStructE exam papers conveniently from your mobile device with structuralpapers.com. #IStructE #exam #mobile #accessibility #studyonline #civilengineering #structuralengineering
paper_paper_2.png,Shows an example solved paper with diagrams for a structural scheme on mobile screens,Conquer the IStructE exam from anywhere! Explore solved papers with clear diagrams on your mobile device with structuralpapers.com. #IStructE #exam #mobile #solvedpapers #diagrams #civilengineering #structuralengineering
years.png,Shows multiple years that we have past papers for,Practice with past papers from multiple years and gain a comprehensive understanding of the IStructE exam. Explore structuralpapers.com today! #IStructE #exam #pastpapers #practice #preparation #civilengineering #structuralengineering
comments.png,Page showing the just the comments feature and the rating feature for each uploaded solved past paper. Image also shows the rating of the user who's uploaded the paper,Join the conversation! Share your thoughts and insights on solved papers on structuralpapers.com. #IStructE #exam #community #collaboration #learning #civilengineering #structuralengineering
homepage.png,The homepage describing what structuralpapers.com is and states that the IStructE exam is notoriously difficult and to use the community and the repository of exam papers to help you,Your all-in-one solution for IStructE exam preparation! Find everything you need to succeed on structuralpapers.com. #IStructE #exam #preparation #resources #community #civilengineering #structuralengineering
paper_1.png,Shows an example solved paper with diagrams for a structural scheme,Enhance your understanding with detailed solved IStructE exam papers. Explore structuralpapers.com today! #IStructE #exam #solvedpapers #practice #learning #civilengineering #structuralengineering
paper_2.png,Shows an example solved paper with diagrams for a structural scheme,Master a variety of problem types with our diverse collection of solved IStructE exam papers. Explore structuralpapers.com today! #IStructE #exam #solvedpapers #practice #preparation #civilengineering #structuralengineering
paper_and_comments.png,Shows the solved IStructE past paper viewing feature and the comments feature,Learn from others and contribute to the community! Share your knowledge and insights on solved papers on structuralpapers.com. #IStructE #exam #community #collaboration #learning #civilengineering #structuralengineering
paper_phone.png,Shows the solved IStructE past paper viewing feature on mobile screens,Study on the go! Access our comprehensive database of solved IStructE exam papers conveniently from your mobile device with structuralpapers.com. #IStructE #exam #mobile #accessibility #studyonline #civilengineering #structuralengineering
paper_paper_2.png,Shows an example solved paper with diagrams for a structural scheme on mobile screens,Conquer the IStructE exam from anywhere! Explore solved papers with clear diagrams on your mobile device with structuralpapers.com. #IStructE #exam #mobile #solvedpapers #diagrams #civilengineering #structuralengineering
years.png,Shows multiple years that we have past papers for,Practice with past papers from multiple years and gain a comprehensive understanding of the IStructE exam. Explore structuralpapers.com today! #IStructE #exam #pastpapers #practice #preparation #civilengineering #structuralengineering